Catalog Number,Title,Composer,Count,Bible Verse Reference,General Liturgical Season,Narrative Lectionary Weeks,Themes / Topics,Parts,Last Performed,Recording Link
100,First Song of Isaiah.,Noble White/Dengler,23,Isaiah 12:2–6,General,,Salvation,,,
101,I'll Sing,Molly Ijames,23,Psalm 104:33–34,Psalms,,Lifelong Praise,,,
102,Let Me Walk With You,Osiek,23,Matthew 16:24; Luke 5:1–11,Lent,NL129 | NL323,Discipleship,,,
103,Consecration,Habergal/Beck,20,Romans 12:1,Epiphany,,Dedication,,,
104,A Grateful Heart,Schram,21,Psalm 100:4; 1 Thess 5:18,Thanksgiving,,Gratitude,,,
105,A Joyful Song,Rocherolle,23,Psalm 98:4; Psalm 100:1,General,,Joy,,,
106,All My Life,Canimchgul/Purifoy,23,Psalm 36:5–9; 1 Chron 28:9,General,,God’s Love,,,
107,A Little Light Was Born,Barrett,24,Isaiah 9:2; Matthew 2:1,Christmas,NL120 | NL411,Light,,,
108,The Alfred Burt Carols,Burt,.,Luke 2:1–20; Matthew 2:1–12,Christmas,NL117 | NL118 | NL120 | NL217 | NL218 | NL317 | NL318 | NL417 | NL418,Nativity,,,
109,I Know That My Redeemer Lives,Larson,20,Job 19:25–27; 1 Cor 15:20,Easter,NL245,Resurrection,,,
111,Revive Us Again,Milloy,15,Psalm 85:6; Habakkuk 3:2,General,,Revival,,,
112,I Will Follow Him,Stole/Roma,34,Ruth 1:16–17; Matthew 16:24,General,NL129 | NL206,Commitment,,,
113,The Lord Almighty Reigns,Getty,20,Revelation 19:6; Psalm 93,Easter,,Sovereignty,,2025-05-03,
114,Blessed Are They,Lee Dengler,28,Matthew 5:1–12,General,NL123,Beatitudes,,2026-09-27,
115,A Tiny Little Baby,Price/Besig,24,Luke 2:7–12; Matthew 2:1–2,Christmas,NL117 | NL118 | NL120 | NL217 | NL218 | NL317 | NL318 | NL417 | NL418,Birth of Jesus,,,
116,Above the Hills of Time,.,24,Psalm 121; Matthew 17:1–8,General,NL129,Guidance,,,
117,Open My Eyes,Nolan,28,Psalm 119:18; Isaiah 35:5,General,,Insight,,,
118,An Advent Credo,Martin,25,Luke 1:46–55; Isaiah 40:1–8,Advent,NL214 | NL316,Hope,,,
119,Agnus Dei,.,.,John 1:29,Cantata,NL419,Lamb of God,,,
120,All Hail the Power of Jesus' Name,Shrubsole/Cartford,18,Philippians 2:9–11; Rev 19:16,General,NL445,Lordship,,2013-11-24,
121,All in the April Evening,Roberton,23,John 1:29; Isaiah 53:7,Lent,NL419,Suffering Servant,,,
122,O Holy Night,Lanier,10,Luke 2:8–14,Christmas,NL117 | NL118 | NL217 | NL218 | NL317 | NL318 | NL417 | NL418,Birth of Jesus,,,
123,Alleluia,Bach,22,Rev 19:1–6,General,,Universal Praise,,,
124,Alleluia,Thompson,.,Rev 19:1–6,General,,Universal Praise,,,
125,Via Dolorosa,Fittke,10,Mark 15:1–37; Isaiah 53:3–7,Lent,NL238,Suffering,,,
127,Lift Up Your Heads,Sharkley,.,Psalm 24:7–10,Advent,,King of Glory,,,
128,Come to the Water,Foley,.,Isaiah 55:1; John 4:10–14,General,NL415 | NL424,Living Water,,,
129,"Alleluia, Glorious Is Thy Name",Olson,27,Psalm 8:1; Rev 19:1,General,,God’s Name,,,
130,The River Is Here,Park/Greer,30,Psalm 46:4; Ezekiel 47:1–12,General,,Holy Spirit,,,
131,Always By Our Side,Burrows/McDonald,.,Psalm 23; Matthew 28:20,General,NL140,God’s Presence,,,
132,Amazing Grace,Coates,.,1 Chron 17:16–17; Eph 2:8,General,,Grace,,,
133,Amen,Hairston,1,Rev 7:12; 2 Cor 1:20,General,,Affirmation,,,
135,An Easter Fanfare,Besig/Price,2,Matthew 28:1–6; 1 Cor 15:55,Easter,NL139,Resurrection,,,
137,Offering,Baloche/Schrader,35,Romans 12:1; 2 Samuel 24:24,General,,Dedication,,,
140,"Arise, Shine",North,23,Isaiah 60:1–6,Epiphany,,Light,,,
142,Holy Is the Lord,Robinson/Rhodes,35,Isaiah 6:3; Rev 4:8,General,NL311,Holiness,,,
143,My Soul Magnifies the Lord,Tomlin/Maudlin,20,Luke 1:46–55,Christmas,NL316,Humility,,,
144,As the Deer,Nystrom/Wilson,27,Psalm 42:1,General,,Spiritual Thirst,,2025-11-30,
146,Ave Verum Corpus,Mozart,21,John 6:51–58; John 19:34,Lent,NL426 | NL438,Eucharist,,,
148,He is Watching Over Israel,Mendelssohn,50,Psalm 121:4,General,,God’s Care,,,
149,Hallelujah He is Risen,Harland,31,Matthew 28:6; 1 Cor 15:20,Easter,NL139 | NL245,Resurrection,,,
150,Away in a Manger,Martin,24,Luke 2:7,Christmas,NL117 | NL217 | NL317 | NL417,Nativity,,,
151,And the Glory of the Lord,Handel,20,Isaiah 40:5,General,NL214,Glory,,,
152,Awesome Medley,Innes,21,Psalm 47:2; Psalm 66:3,General,,God’s Power,,,
153,Arise My Love,Krogstad,36,Song of Solomon 2:10–13,Easter,,Resurrection,,,
155,Be Thou My Vision,Godfrey,.,Psalm 16:11; 1 Cor 13:12,General,NL244,Guidance,,,
156,Beautiful Savior,Thygerson,22,1 Tim 1:17; Dan 7:9,General,,Majesty,,2020-03-15,
157,Jerusalem,Stefanovich,36,Rev 21:2; Rev 22:1–5,Easter,,New Jerusalem,,,
158,Beautiful Savior,Riegger,13,1 Tim 1:17,General,,Adoration,,,
159,All the Earth Will Sing Your Praises,Sterling,30,Psalm 66:1–4,Easter,,Universal Praise,,2025-04-12,
160,I Will Rise,Giglio,35,1 Thess 4:16–17; Rev 5:11–14,Easter,,Resurrection,,,
161,Behold the Man,Manzo,24,John 19:5,Lent,NL435,Suffering of Christ,,,
163,A Midnight Clear,Greer/Everson,50,Luke 2:8–14,Christmas,NL118 | NL218 | NL318 | NL418,Angels,,,
164,Love Grows Here,Besig,.,1 John 4:7–12; 1 Cor 13,General,NL244,Love,,,
169,Bless Thou the Lord,Pasquet,19,"Psalm 103:1–2, 11",General,,Blessing,,,
170,Blessed Be the One,Williams/Stevens,31,Psalm 118:26; Mark 11:9,Lent/Easter,NL236,Triumphal Entry,,,
174,Shadrach,.,.,Daniel 3,General,NL413,Deliverance,,,
175,Bread in Mercy Broken,Cornell,.,John 6:33–35,Communion,NL426,Eucharist,,2024-01-19,
178,An Advent Gospel,Barrett/Larson,28,Mark 1:1–8; Isaiah 40:3,Advent,NL214 | NL219,Preparation,,2025-12-28,
182,Candlelight Carol,Rutter,24,Luke 2:1–20,Christmas,NL117 | NL118 | NL217 | NL218 | NL317 | NL318 | NL417 | NL418,Nativity,,,
183,Canon in D,Pachelbel/Goemanne,32,Psalm 19:1,General,,Creation,,,
184,Can't Stop Praising His Name,Rowland,.,Psalm 146:1–2,General,,Jubilant Praise,,,
185,Canticle of Joy,Martin,28,Luke 2:10–14,Christmas,NL117 | NL217 | NL317 | NL417,Rejoicing,,,
186,Carol of the Advent,Dietterich,23,Isaiah 9:2–7,Advent,NL411,Hope,,,
187,Carol of the Bells,Leontovich/Wilhousky,25,Luke 2:13–14,Christmas,NL117 | NL217 | NL317 | NL417,Joy,,,
189,Goin' To Be A Mighty Day,Gardner,25,Luke 2:8–20,Christmas,NL117 | NL118 | NL217 | NL218 | NL317 | NL318 | NL417 | NL418,Anticipation,,,
190,Carols Around,Nygard,22,Luke 2:1–20,Christmas,NL117 | NL118 | NL217 | NL218 | NL317 | NL318 | NL417 | NL418,Nativity Story,,,
191,Carry the Light,Eilers,20,John 8:12; Matthew 5:14,General,NL123 | NL428,Mission,,,
193,Celtic Communion,Hayes,.,John 6:33–35; Psalm 23,Communion,NL426,Provision,,,
194,Advent Jubilee,Parker/Schwartz,28,Leviticus 25:10; Isaiah 61:1–2,Advent,NL315,Liberation,,,
198,Christ the Lord is Risen Today,Williams,22,Matthew 28:6,Easter,NL139,Resurrection,,,
199,Christ Was Born on Christmas Day,Shaw/Parker,24,Luke 2:11,Christmas,NL117 | NL217 | NL317 | NL417,Nativity,,,
201,Christmas Blessing,Price/Besig,24,Numbers 6:24–26,Christmas,,Benediction,,,
202,Christmas Gloria,Lovelace,24,Luke 2:14,Christmas,NL117 | NL217 | NL317 | NL417,Angels,,,
205,Build My Life,Barrett/Adams,25,Matthew 7:24–25,General,NL125,Foundation,,,
208,Christmas Welcome,Beck,24,Luke 2:7–12,Christmas,NL117 | NL217 | NL317 | NL417,Hospitality,,,
210,"Come Down, O Love Divine",Dietterich,28,Acts 2:1–4,General,NL146 | NL246 | NL346 | NL446,Holy Spirit,,,
211,"Come, Christians, Join to Sing Alleluia",Gillette,26,Psalm 95:1,General,,Rejoicing,,,
212,"Come, Emmanuel",Price/Besig,25,Isaiah 7:14; Matthew 1:23,Advent,NL116,Presence,,,
213,"Come, Follow That Star",Price/Besig,25,Matthew 2:1–2,Christmas,NL120,Seeking Christ,,,
214,"Come, Thou Long-Expected Jesus",Wesley/Prichard,24,Haggai 2:7; Isaiah 11:1,Advent,NL211,Anticipation,,2016-12-11,
215,A Communion Meditation,Price/Besig,24,1 Cor 11:23–26,Communion,,Remembrance,,,
217,Fighting For Us,Farren/Nordoff/Duren,28,Exodus 14:14; Psalm 44:3,General,NL104,Deliverance,,,
218,Consider the Lilies of the Field,McCormick,21,Matthew 6:28–30,General,NL124,Trust,,,
219,"Cover Him, Joseph",Martin,4,Matthew 1:18–25,Christmas,NL116,Protection,,,
220,Crown Him with Many Crowns,Courtney,24,Revelation 19:12,Christ the King,,Lordship,,,
221,Crown Him with Many Crowns,Pelz,21,Revelation 19:12,Christ the King,,Lordship,,2016-11-20,
222,Old Church Choir,Williams/Barrett,28,Psalm 100:1–2,General,,Joy,,,
223,Deep Waters,Choplin,30,Luke 5:1–11,General,NL323,Trust,,,
224,Deo Gracias,Sleeth,3,1 Cor 15:57,Christmas,NL245,Gratitude,,,
226,Do Lord,Tanis,18,Luke 23:42,General,NL338,Petition,,2015-09-27,
227,Do You Hear the Angels Singing?,Artman,28,Luke 2:13–14,Christmas,NL117 | NL217 | NL317 | NL417,Angels,,,
228,Do You Hear What I Hear,Regney/Shane,10,Matthew 2:1–12,Christmas,NL120,Revelation,,,
229,O Jesus Be Our Friend and Guide,Hopson,28,John 15:13–15,General,,Friendship,,,
230,And the Angels Sang,Spevacek,4,Luke 2:13–14,Christmas,NL117 | NL217 | NL317 | NL417,Angels,,,
232,Draw Me Close,Carpenter/Hayes,.,James 4:8,General,,Intimacy,,2020-03-01,
234,Easter Carol,.,1,Matthew 28:1–10,Easter,NL139,Resurrection,,2016-05-01,
236,Faith of Our Fathers,Hemy/Ringwald,18,Hebrews 11,General,,Heritage,,,
237,Potentate Children's Musical,.,.,Matthew 2:1–12,Christmas,NL120,Seeking Christ,,,
238,Father Eternal,Handel/Tkach,17,Psalm 90:1–2,General,,God’s Eternity,,,
240,Feed My Sheep,Shinholser,24,John 21:15–17,Lent,,Restoration,,2023-05-21,
241,"Feed Us Now, O Son of God",Allen/Swenson,28,John 6:35,Communion,NL426,Eucharist,,,
242,Festival Canticle: Worthy Is Christ,Hillert,22,Revelation 5:12,Easter,,Lamb of God,,,
244,For All the Saints,Williams,27,Hebrews 12:1,All Saints,,Cloud of Witnesses,,,
245,For Simple Things,Wager,4,1 Thess 5:18,General,,Gratitude,,,
246,Ain't No Grave,Ely/Helser/Angerman,28,Romans 8:11,General,,Resurrection,,,
247,For Us a Child is Born,Bach,.,Isaiah 9:6,Christmas,NL411,Prophecy,,,
248,Forth From Jesse Sprang a Rose,Bruckner/Carlton,30,Isaiah 11:1,Lent,NL211,Prophecy,,,
250,Gather Us In,Albrecht/Althouse,24,Deut 30:1-6; Micah 4:5-8,General,,Unity,,,
251,Get All Excited,Gaither,.,Acts 2:1–4; Luke 19:37–40,General,NL146 | NL246 | NL336 | NL346 | NL446,Enthusiasm,,2019-01-06,
252,Get on Board!,Althouse,23,Matthew 7:13–14,General,NL125,Journey,,,
253,Give Me Jesus,Hairston/Wilson,19,Matthew 16:26; Phil 3:8,General,NL129,Devotion,,2026-02-07,
255,Glad Noel,Wilson,25,Luke 2:10–11,Christmas,NL117 | NL217 | NL317 | NL417,Good Tidings,,,
256,Gloria In Excelsis,Luther/Hoggard,28,Luke 2:14,Christmas,NL117 | NL217 | NL317 | NL417,Glory,,,
257,Gloria in Excelsis (12th Mass),Mozart,23,Luke 2:14,General,NL117 | NL217 | NL317 | NL417,Majesty,,,
258,Glorious Thy Work,Evans,24,Psalm 92:5; Psalm 104:24,General,,Creation,,,
261,Glory to God in the Highest,Pergolesi,24,Luke 2:14,Christmas,NL117 | NL217 | NL317 | NL417,Angels,,,
263,Old Irish Blessing,Agay,28,Numbers 6:24–26,General,,Benediction,,,
264,"Glory, Hallelujah, Jubilee!",Turner,23,Leviticus 25:10; Psalm 98:1,General,,Celebration,,,
265,Go and Tell John,Pfautsch,24,Matthew 11:4–6,General,,Miracles,,,
266,Go Light Your World,Rice/Greer,15,Matthew 5:14–16,General,NL123,Witness,,,
268,Go Tell it on the Mountain,Barthelson,24,Isaiah 40:9; Luke 2:17–18,Christmas,NL118 | NL214 | NL218 | NL318 | NL418,Proclamation,,,
269,Risen Indeed,Pote,28,Luke 24:34; 1 Cor 15:20,Easter,NL245 | NL340,Resurrection,,,
270,Go to Dark Gethsemane,Noble,22,Matthew 26:36–46; Mark 14:32,Lent,NL137 | NL237,Passion,,2025-03-22,
271,Hosanna to the King,Larson,30,Matthew 21:9; Psalm 118:26,Palm Sunday,NL136,Triumphal Entry,,,
272,God Is My Strong Salvation,Lovelace,28,Psalm 27:1,General,,Refuge,,,
274,God Loved the World,Childs/Leech,33,John 3:16,Lent,NL423,God’s Love,,,
275,God Made Our Hands,Jackson/Miller,27,Psalm 139:13–16; Eccl 9:10,General,,Creation,,2016-05-15,
277,God So Loved the World,Stainer,54,John 3:16,Lent,NL423,God’s Love,,,
279,Good Folk Who Dwell on Earth,Davis,24,Psalm 100:1; Psalm 33:1,General,,Corporate Praise,,,
282,"Grant me true courage, Lord",Bach,26,Psalm 31:24; Eph 6:10,General,,Strength,,,
284,Great is the Lord,Young,23,Psalm 145:3,General,,Majesty,,,
285,Great Light,Barrett/Angerman,23,Isaiah 9:2; Matthew 4:16,Advent,NL122 | NL411,Hope,,2026-12-13,
286,"Hail, the King of Israel",Lubin,20,John 1:49; Zeph 3:15,Christmas,NL420,Kingship,,,
287,"Halle, Halle, Halle",Belle/Maule,27,Psalm 148:1,General,,Joyous Praise,,2022-01-16,
289,Hallelujah! Resurrection Morning!,Beall/Larson,24,Luke 24:1–12; Acts 10:34–43,Easter,NL141 | NL339,Resurrection,,2026-04-11,
290,Advent Carol of Hope,Price/Besig,20,Romans 15:13; Isaiah 7:14,Advent,,Expectation,,2025-12-14,
293,He Loved Them To The End,Martin,26,John 13:1,Lent/Easter,NL432,Servant Leadership,,,
295,He Was Wounded,Courtney,22,Isaiah 53:5,Lent,,Atonement,,,
297,Let Your Light Shine,McDonald,23,Matthew 5:16; Isaiah 60:1,Epiphany,NL123,Witness,,,
299,Heralds of Christ,Johnson,26,Isaiah 52:7; Romans 10:15,General,,Messenger,,,
301,Hey! Anybody Listening?,Young,20,Matthew 11:15; Rev 3:20,Christmas,,Invitation,,,
303,High On a Hill,Schram,25,Matthew 27:33; Luke 23:33,Lent,NL138 | NL338,Crucifixion,,,
304,His Grace is Sufficient for Me,Lister,20,2 Cor 12:9,General,,Weakness,,,
307,Hodi Veni Christe,Nygard,24,Luke 2:11,Christmas,NL117 | NL217 | NL317 | NL417,Savior’s Birth,,,
309,Hold to God's Unchanging Hand,Gloss,30,Malachi 3:6; Hebrews 13:8,General,,Faithfulness,,,
310,Holy is the Lord,Manuel,21,Isaiah 6:3; Rev 4:8,General,NL311,Holiness,,,
311,Holy is the Lord!,Bradbury,25,Isaiah 6:3,General,NL311,Purity,,,
312,"Holy Lord, We Glorify Thy Name",Beethoven,23,Psalm 145:1; Rev 15:4,General,,Glory,,,
314,Hosanna To The King,Page,28,Matthew 21:9,Palm Sunday,NL136,Triumphal Entry,,2025-03-29,
316,How Beautiful,Paris/Greer,20,Isaiah 52:7; Romans 10:15,General,,Proclamation,,,
317,How Can I Keep from Singing,Honore,26,Psalm 146:2,General,,Joy,,2020-03-08,
318,How Far is it to Bethlehem,Hedges,27,Matthew 2:1,Christmas,NL120,Journey,,,
320,How Lovely are the Messengers,Mendelssohn,.,Romans 10:15; Isaiah 52:7,General,,Evangelism,,,
321,How Lovely are thy Dwellings,Howorth,15,Psalm 84:1,General,,Sanctuary,,,
323,How Lovely Is Thy Dwelling Place,Lightfoot,32,Psalm 84:1,General,,Sanctuary,,,
324,How Shall I Fitly Meet Thee,Bach,29,Matthew 21:1–9; Psalm 118,Advent,NL136,Preparation,,,
327,Hymn of Promise,Sleeth,23,Genesis 8:22; John 12:24,General,NL101,Resurrection,,2026-09-13,
328,I am Alive and I Can See,Callaway,21,John 9:25; Rev 1:18,General,NL429,Spiritual Sight,,,
329,I Believe,Bartlett,23,Mark 9:24,General,,Faith,,2025-01-18,
330,I Could Not Do Without Thee,Curry,22,John 15:5,General,,Abiding,,,
332,I Know the Lord,Eggert,20,Psalm 20:6,General,,Trust,,,
334,I Love Thee,Smith,28,Psalm 18:1; John 21:15,General,,Devotion,,,
335,I Think I Heard Him Say,Martin/Pugh,4,Matthew 27:46; John 19:28,Lent,NL138 | NL437,Passion,,,
336,I Walked Today Where Jesus Walked,O'Hara,.,Luke 24:13–35,Lent,NL340,Emmaus,,,
337,I Will Always Be With You,Martin,32,John 14:15–31,General,,Holy Spirit,,,
338,I Wonder as I Wander,Niles/Horton,27,Luke 2:8–18; Romans 5:6–8,Christmas,NL118 | NL144 | NL218 | NL318 | NL418,Contemplation,,,
340,If We Walk in the Light,McCormick,30,1 John 1:7,General,,Fellowship,,,
341,If With All Your Hearts,Mendelssohn,22,Jeremiah 29:13; Deut 4:29,General,NL412,Seeking God,,,
342,I'm Gonna Sing,Gardner,17,Psalm 104:33,General,,Rejoicing,,2023-09-17,
343,In Christ Alone,Getty/Hayes,27,Galatians 2:20; 1 Cor 15:3–4,General,NL245 | NL344,Sufficiency,,,
344,In This Very Room,Harris/Harris,30,Matthew 18:20,General,NL131,Fellowship,,2026-02-14,
347,Into the Woods My Master Went,Sateren,.,Matthew 26:36–46,Lent,NL137,Gethsemane,,,
348,Is Not This Bread,Rudolph,22,1 Cor 10:16; Matthew 26:26,Communion,NL137,Eucharist,,,
349,It Is a Good Thing to Give Thanks,McCormick,27,Psalm 92:1,Thanksgiving,,Gratitude,,,
350,It Is Well With My Soul,Bliss/Rasley,22,Psalm 46:1–3; Isaiah 66:12,General,,Peace,,,
351,It's Christmas,Eilers,19,Luke 2:11,Christmas,NL117 | NL217 | NL317 | NL417,Birth of Jesus,,,
354,"Jesu, Blessed Jesu",Young,20,Matthew 1:21,Lent,NL116,Savior,,,
356,"Jesu, Son Most Sweet",Wiltse,.,Psalm 34:8,Lent,,Goodness,,,
357,"Jesu, Word of God Incarnate",Mozart/York,35,John 1:1; John 6:51,General,NL416 | NL426,Incarnation,,,
358,Jesus Christ Arose From Death,Bertalot,27,Matthew 28:1–10,Easter,NL139,Resurrection,,2016-04-24,
359,Jesus Is Life,Landry,23,John 14:6; Psalm 148–150,General,,Truth,,2025-03-01,
360,Jesus Paid it All,Sterling,22,Isaiah 1:18; Col 2:13–14,Lent,,Redemption,,2016-02-14,
361,Jesus Walked this Lonesome Valley,Kirk,20,Matthew 4:1–11,Lent,NL122,Temptation,,,
363,How Blest Are We,David Lance III,25,Psalm 33:12; Psalm 144:15,Thanksgiving,,Blessing,,2018-01-21,
365,"Joseph Dearest, Joseph Mine",Helvey,23,Matthew 1:18–25,Christmas,NL116,Protection,,,
368,Every Valley,Beck,25,Isaiah 40:4–5,Advent,NL214,Preparation,,2019-12-15,
369,Joy to the World!,Carter,26,Psalm 98:4–9,Christmas,,Celebration,,,
371,Keep Me As The Apple of Your Eye,Burrows,.,Psalm 17:8,General,,Protection,,,
372,King All Glorious,Thygerson,24,Psalm 24:7–10; Rev 19:16,Christ the King,,Majesty,,2017-11-26,
373,Known to You,Catherwood,33,Psalm 139:1–4,General,,Omniscience,,,
374,Lamb of God,Christiansen,29,John 1:29; Isaiah 53:7,Lent,NL419,Sacrifice,,,
376,Lead Me Lord,Kirk,.,Psalm 5:8; Psalm 25:4–5,General,,Guidance,,,
377,Leaning on the Everlasting Arms,Hayes,27,Deuteronomy 33:27,General,,Refuge,,2018-09-09,
378,Led By the Spirit,Wilson,28,Romans 8:14; Galatians 5:18,General,NL146,Holy Spirit,,2022-10-30,
380,Let All Mortal Flesh Keep Silence,Holst,27,Habakkuk 2:20; Zechariah 2:13,General,,Reverence,,,
381,Let All Things Now Living,Davis,29,Psalm 148; Psalm 150,Thanksgiving,,Creation,,,
382,Let Heaven and Nature Sing,.,.,Psalm 98:4–8,Christmas,,Celebration,,,
384,Let the Earth Resound,Albrecht,22,Psalm 96:11–13,General,,Universal Worship,,2016-10-16,
385,Let There Be Peace on Earth,Miller,20,Matthew 5:9; John 14:27,General,NL123,Peace,,,
386,Let Us Break Bread Together,Beck,22,Acts 2:42; 1 Cor 10:16,Communion,,Unity,,2016-10-02,
387,Let Us Prepare our Hearts for Peace,Bass,15,Isaiah 26:3,General,,Preparation,,,
388,Let Us Serve Him,Price/Besig,22,Joshua 24:15,General,NL106,Choice,,2026-10-18,
389,Lift High The Cross,Hillert,23,John 12:32,Lent/Easter,,Victory,,,
392,I Speak Peace,Moore,25,John 14:27,Advent/General,,Serenity,,,
395,Litany For Easter,Young,25,Matthew 28:1–10,Easter,NL139,Resurrection,,,
397,Little Bitty Baby,Price/Besig,22,Luke 2:7,Christmas,NL117 | NL217 | NL317 | NL417,Humility,,,
398,Little Innocent Lamb,Johnson,28,Isaiah 53:7,General,,Purity,,,
400,Lo He Comes with Clouds Descend..,Owen,27,Revelation 1:7,Lent/Easter,,Second Coming,,,
402,"Look Down, O Lord",Janequin,28,Psalm 25:16–18,General,,Petition,,,
403,Lord Make Me Strong,Eville,17,Ephesians 6:10,General,,Perseverance,,,
405,"Lord, Listen to Your Children",Medema,23,Matthew 7:7–11,General,NL125,Prayer,,,
408,Love Came Down at Christmas,Whitney,29,1 John 4:9,Christmas,,Incarnation,,2026-12-27,
410,Love Is Now,Wyrtzen,17,1 John 4:10,General,,Propitiation,,,
413,"Love, As Christ Would Love",Burroughs,22,John 13:34–35,General,,Commandment,,,
416,Make Me a Channel of Your Peace,Temple,23,Numbers 6:24–26; Psalm 85,General,,Service,,2020-05-03,
417,Man Shall Not Live by Bread Alone,Gardner,24,Luke 4:1–4,Lent,NL322,Spiritual Sustenance,,,
418,Mary Had a Baby,Landon,3,Luke 2:7,Christmas,NL117 | NL217 | NL317 | NL417,Nativity,,,
419,"Mary, Look at Your Baby's Face",Schram,23,Luke 2:19,Christmas,NL118 | NL218 | NL318 | NL418,Pondering,,,
421,May The Lord Bless You,Hunnicutt,24,Numbers 6:24,General,,Benediction,,2017-06-04,
423,Meekness and Majesty,Kendrick,26,Philippians 2:5–11,General,NL445,Incarnation,,,
424,Messiah,Handel,.,Isaiah 9:6; Revelation 19:6,Christmas,NL411,Savior,,,
425,"Michael, Row The Boat",Gardner,7,Exodus 14:21–22,General,NL104,Journey,,2026-10-04,
427,My Shepherd is the Lord Most High,Morgan,28,Psalm 23:1,General,,Guidance,,,
428,My Shepherd Will Supply My Need,Thomson,26,Psalm 23:1–3,General,,Guidance,,,
430,Nativity Carol,O'Brien,30,Luke 2:1–20,Christmas,NL117 | NL118 | NL217 | NL218 | NL317 | NL318 | NL417 | NL418,Night,,,
431,Near the River,Page,29,Revelation 22:1–2,General,,Restoration,,2018-10-21,
433,"Not My Will, But Thine",Schram,24,Luke 22:42,Lent,NL337,Submission,,,
434,Now Thank We All Our God,Cruger,28,1 Chronicles 29:13,General,,Gratitude,,,
436,"O Bless Our God, Ye People",Schroth,28,1 John 1:1; Psalm 65,General,,Corporate Worship,,,
437,"O Clap Your Hands, All Ye People",Mickelson,24,Psalm 47:1,General,,Celebration,,,
439,"O Come, O Come Emmanuel",Sleeth,2,Matthew 1:23; Isaiah 7:14,Advent,NL116,Longing,,,
440,O Divine Redeemer!,Gounod,27,Psalm 25:11; Psalm 51:1,General,NL107,Forgiveness,,2018-05-13,
444,O Magnify the Lord,Tunney/Inman,26,Psalm 34:3; Luke 1:46,General,NL316,Praise,,,
445,"O Rejoice, Ye Christians, Loudly",Bach,23,Luke 2:10; Psalm 33:1,General,NL117 | NL217 | NL317 | NL417,Celebration,,2015-11-22,
446,O Sing Unto the Lord a New Song,Willan,27,Psalm 96:1,General,,Creativity,,,
448,O Worship the King,Grant/Haydn,19,Psalm 104:1,General,,Majesty,,,
449,Of The Father's Love Begotten,Wohlgemuth,24,John 1:1–14; Col 1:15,Christmas,NL416,Divinity,,,
450,Offertory,Beck,.,Micah 6:6–8,General,NL110,Justice,,2026-11-15,
451,Let Your Light So Shine,Wilson,.,Matthew 5:16,General,NL123,Influence,,,
452,On a Morn All Crisp and Cold,Johnson,25,Luke 2:8–20,Christmas,NL118 | NL218 | NL318 | NL418,Birth of Jesus,,,
453,On Christmas Day,Sleeth,3,Luke 2:11,Christmas,NL117 | NL217 | NL317 | NL417,Celebration,,,
454,On Eagle's Wings,Joncas,21,Psalm 91:4,General,,Protection,,2013-11-10,
455,On That Day Jer..,Beall,24,Matthew 21:1–11,Palm Sunday,NL136,Triumphal Entry,,,
456,Once to Every Man and Nation,York,29,Galatians 6:7–8; Joshua 24:15,General,NL106,Decision,,,
457,"Once, Long Ago",Fitzgerald,28,Matthew 2:1–12,Christmas,NL120,History,,,
458,One God,Drake/Shirl,18,Ephesians 4:4–6; Deut 6:4,General,NL205,Unity,,,
461,Order My Steps,Burleigh/Scrader,33,Psalm 119:133,General,,Guidance,,,
462,Our Lord Embraced the Cross,Sharp,48,Hebrews 12:2; Mark 8:34,General,NL229,Passion,,2024-03-30,
463,Our Savior Is Alive,Price/Besig,25,Matthew 28:6,Easter,NL139,Resurrection,,2022-04-17,
464,Palm Branches,Williams/Nolan,24,John 12:12–13,Palm Sunday,,Palm Sunday,,2015-03-29,
465,Panis Angelicus,Franck/Heller,30,John 6:48–51,General,NL426,Eucharist,,,
466,Peace I Leave With You,Mendelssohn,23,John 14:27,General,,Serenity,,,
467,People Need The Lord,Purifoy,.,Matthew 9:36–38; Romans 10,General,,Compassion,,2024-05-19,
469,Praise Be to Thee,Palestrina,19,Psalm 113:1; Rev 19:5,General,,Honor,,,
470,Praise Him,Bach,25,Psalm 148:1–2,General,,Universal Worship,,,
471,How Can I Keep from Singing/Praise Him,Tomlin,.,Psalm 146:2; Psalm 95,General,,Unending Worship,,,
472,Praise the Lord,Kirkland,30,Psalm 150,General,NL207,Musical Instruments,,,
473,Praise the Lord Who Reigns Above,Lovelace,27,Psalm 150:1,General,NL207,God’s Reign,,,
474,"Praise the Lord, O Jerusalem",Maunder,26,Psalm 147:12,Thanksgiving,,Restoration,,,
475,"Praise the Lord, O My Soul",Harker,21,Psalm 103:1,General,,Personal Worship,,,
476,Prayer of St. Francis,Pote,.,Matthew 5:9; Luke 6:27–31,General,NL123,Peace,,2023-04-23,
477,"Precious Lord, Take My Hand",Allen/Merman,18,Psalm 73:23–24; Isaiah 41:13,General,,Guidance,,2017-05-21,
478,Proclaim the Glory of the Lord,Liles,26,Psalm 96:3; 1 Chron 16:24,General,,Evangelism,,,
479,Psalm 150,Franck,13,Psalm 150,General,NL207,Doxology,,,
480,Psalm 150,Lewandowski,25,Psalm 150,General,NL207,Doxology,,,
481,Rain Down,Cortez,21,Psalm 68:9; Isaiah 45:8,General,,Blessing,,,
482,"Ready, Lord",Avery/Marsh,23,1 Samuel 3:9–10; Isaiah 6:8,General,NL311 | NL406,Availability,,,
483,Rejoice and Be Glad,Carol/Track,20,Matthew 5:12,Christmas,NL123,Reward,,,
484,Rejoice and Be Glad,Govenor,24,Matthew 5:12,Easter,NL123,Reward,,2018-04-12,
485,Rejoice and be Merry,Means,38,Luke 2:10,Christmas,NL117 | NL217 | NL317 | NL417,Christmas Joy,,,
486,Rejoice Ye Pure in Heart,Messiter,23,Philippians 4:4,General,,Purity,,,
487,Remember Me,Althouse,24,Luke 22:19,General,NL337,Communion,,,
489,Ride On King Jesus,Shackley,.,Matthew 21:1–11,Palm Sunday,NL136,Spiritual,,,
490,Ride On Ride On in Majesty,Nevin,.,Matthew 21:1–11,General,NL136,Passion,,2025-04-19,
491,Ring Ye Joy Bells,Durocher,18,Psalm 98:4–6,Christmas,,Celebration,,,
492,"Ring, Bells of Christmas!",Price/Besig,28,Luke 2:13–14,Christmas,NL117 | NL217 | NL317 | NL417,Proclamation,,,
493,"Rise Up, Shepherd, and Follow",Christiansen,21,Matthew 2:1–2; Luke 2:8,Christmas,NL118 | NL120 | NL218 | NL318 | NL418,Response,,,
494,"Rise, My Soul",Butler,28,Colossians 3:1,General,,Sanctification,,,
496,Risen Today,Davidica,.,Matthew 28:6,General,NL139,Resurrection,,,
497,Round the Lord in Glory Seated,Skeat,27,Isaiah 6:3; Rev 4:8,Trinity,NL311,Adoration,,,
498,Sanctus,Schubert,.,Isaiah 6:3; Rev 4:8,General,NL311,Holy,,,
499,"Savior, O Hear Us",Gluck,24,Psalm 4:1; Psalm 55:1,General,,Petition,,,
500,Seek and Ye Shall Find,McCormick,26,Matthew 7:7,General,NL125,Persistence,,,
501,Seek and You Will Find,Sleeth,5,Matthew 7:7,General,NL125,Seek God,,,
502,Send Forth Thy Light,Balakirev,14,Psalm 43:3,General,,Guidance,,2026-03-07,
503,Send forth Thy Spirit,Schuetky,29,Psalm 104:30,General,,Holy Spirit,,,
504,Set Down Servant,Shaw,26,Matthew 11:28–30,General,,Rest,,,
506,Shadrack,Macginsey,20,Daniel 3:1–30,General,NL413,Courage,,,
507,Shepherd's Carol,Billings,31,Luke 2:8–20,Christmas,NL118 | NL218 | NL318 | NL418,Nativity,,,
508,Shepherds' Christmas Song,Reimann,19,Luke 2:8–20,Christmas,NL118 | NL218 | NL318 | NL418,Shepherds,,,
509,Shepherds of Souls,Larson,23,Ezekiel 34:11–16,General,,Guidance,,,
510,Shepherds On This Hill,Hawkes,16,Luke 2:8,Christmas,NL118 | NL218 | NL318 | NL418,Shepherds,,,
511,Shepherds Rejoice,Williams,27,Luke 2:10,Christmas,NL117 | NL217 | NL317 | NL417,Good News,,,
512,Shout for Joy,Ehret,23,Psalm 100:1,Christmas,,Enthusiasm,,,
513,Shout the Glad Tidings,Handel,25,Psalm 98:1,Christmas,,Proclamation,,,
514,Lord I Want To Be A Christian,Laster,20,Romans 12:2; 2 Cor 5:17,General,,Transformation,,2014-03-23,
515,Simple Gifts,Stone,27,Matthew 18:3–4,General,NL130,Simplicity,,,
516,Sine Nomine,Williams,45,Hebrews 12:1,General,,Remembrance,,,
517,Sing a Song of Praise,Mercer,26,Psalm 147:1,General,,Gratitude,,,
518,Sing and Rejoice,James,24,Psalm 95:1,General,,Rejoicing,,,
519,Sing and Rejoice,Thygerson,25,Psalm 95:1,Christmas,,Rejoicing,,,
520,Sing Joyfully,Marsh,25,Psalm 81:1,General,,Musical Worship,,,
521,Sing Praise to God,Curry,26,Psalm 147:1,General,,Gratitude,,,
522,Shine Your Light,Gilpin,30,Matthew 5:14,Epiphany,NL123,Witness,,2026-11-22,
523,Sing to the Lord of Harvest,Wilan,.,Psalm 65:9–13,Thanksgiving,,Abundance,,,
524,Sing Ye Noel and Alleluia,North,9,Luke 2:10–14,Christmas,NL117 | NL217 | NL317 | NL417,Celebration,,,
525,"Sing, Be Joyful, Christ is Born!",d'Aquin,26,Luke 2:11,Christmas,NL117 | NL217 | NL317 | NL417,Savior’s Birth,,,
526,"Sing, O Sing This Blessed Morn",Marsh,18,Luke 2:11,Christmas,NL117 | NL217 | NL317 | NL417,Nativity,,,
528,The Singing of Praise,Mansfield,24,Psalm 147:1,General,,Adoration,,,
529,Singing on the Mountain,Gardner,20,Isaiah 52:7,General,,Proclamation,,,
530,"Sleepers, Wake!",Bach,27,Matthew 25:1–13,Christmas,NL134,Vigilance,,,
531,So Long Ago on Christmas Day,Hopson,28,Luke 2:1–7,Christmas,NL117 | NL217 | NL317 | NL417,History,,,
532,So Quietly He Came,Dexter,28,Luke 2:7,Christmas,NL117 | NL217 | NL317 | NL417,Humility,,,
533,Softly and Tenderly,Martin,25,Matthew 11:28,General,,Invitation,,2017-05-14,
534,Some Children See Him,Hutson,19,Matthew 19:14,Christmas,,Inclusion,,,
535,Soon and Very Soon,Schrader,18,Revelation 22:20,General,,Hope,,,
536,Sound The Trumpet,Peterson,24,1 Cor 15:52,Easter,NL245,Resurrection,,,
537,"Speak Peace, O Lord",Morgan,28,Psalm 85:8,General,,Serenity,,,
538,Spirit Medley,Ballinger,17,Acts 2:1–4,General,NL146 | NL246 | NL346 | NL446,Holy Spirit,,,
539,Spirit of Faith Medley,Harris,24,1 Cor 12:3,General,NL246,Belief,,,
540,The Star Carol,Huston,24,Matthew 2:1–10,Christmas,NL120,Star of Bethlehem,,,
541,Such is the Love of God,Williams,23,1 John 4:9–10,General,,Atonement,,,
542,Sunrise On Easter Morning,Bach/Olds,29,Matthew 28:1,Easter,NL139,Resurrection,,,
543,Surely Goodness and Mercy,Peterson,25,Psalm 23:6,General,,Guidance,,,
544,Surely He Hath Borne Our Griefs,Graun,28,Isaiah 53:4,Lent,,Suffering Servant,,,
545,Surely God is in This Place,Priest,27,Genesis 28:16–17,General,NL403,Sacred Space,,,
546,Sweet Mary Rocks Her Infant,Ehert,25,Luke 2:19,Christmas,NL118 | NL218 | NL318 | NL418,Motherhood,,,
547,"Swing Low, All Night, All Day",Thygerson,22,2 Kings 2:11; Psalm 91:11,General,,Deliverance,,,
548,Te Ensalzare Senor,Bell,.,Psalm 30:1,General,,Exaltation,,,
549,"Tell Us, Shepherd Maids",Caldwell,59,Luke 2:8–20,Christmas,NL118 | NL218 | NL318 | NL418,Proclamation,,,
550,"Tender Lord, Precious Lord",Wagner,25,Psalm 145:9,General,,Kindness,,,
551,Thank You For the Valleys,Berry,31,Psalm 23:4,Thanksgiving,,Perseverance,,,
552,Thanks Be to God,O'Reilly,30,1 Cor 15:57,Thanksgiving,NL245,Victory,,,
553,Thanks Be to God,Green,5,1 Cor 15:57,Thanksgiving,NL245,Victory,,,
554,Thanksgiving!,Beck,23,Psalm 100,Thanksgiving,,Corporate Gratitude,,,
555,Thanksong,Nygard,7,Psalm 111,Thanksgiving,,Remembrance,,,
556,The Angels' Song,Donnelly,6,Luke 2:13–14,Christmas,NL117 | NL217 | NL317 | NL417,Proclamation,,,
557,The Apostles' Creed,Genuchi,26,1 Cor 15:3–4; 1 Tim 2:5,General,NL245,Doctrine,,,
558,The Beatitudes,Evans,.,Matthew 5:3–12,All Saints,NL123,Blessedness,,2019-11-10,
559,The Birthday of a King,Neidlinger,4,Luke 2:11,Christmas,NL117 | NL217 | NL317 | NL417,Kingship,,,
560,The Christmas Candle,Bitgood,30,John 1:5; Matthew 5:14,Christmas,NL123 | NL416,Light,,,
562,The Church Arise,Walter,22,Matthew 16:18,General,,Empowerment,,,
563,"The Church, O Lord, Is Thine",Johnson,17,Acts 20:28,Reformation,,Possession,,,
564,The Coventry Carol,Davis,35,Matthew 2:16–18,Christmas,NL120,Lament,,,
565,The Entry Into Jerusalem,Thompson,27,Matthew 21:1–11,Palm Sunday,NL136,Palm Sunday,,,
566,The First Song of Isaiah,White,20,Isaiah 12:2–6,General,,Salvation,,,
567,The Gift of Jesus Christ,Curry,22,John 3:16,Christmas,NL423,God’s Love,,,
568,The Heavens are Telling,Beethoven,27,Psalm 19:1,General,,Creation,,,
569,The Heavens are Declaring,Beethoven,22,Psalm 19:1,General,,Creation,,,
570,The Holy City,Weatherly/Adams,31,Rev 21:2,Lent/Easter,,Hope,,,
571,The Journey To Bethlehem,Wolf,30,Luke 2:4–5,Christmas,NL117 | NL217 | NL317 | NL417,Obedience,,,
572,The Joy of Christmas,Thompson,28,Luke 2:10,Christmas,NL117 | NL217 | NL317 | NL417,Tidings,,,
573,The Lamb,Coleman,5,John 1:29; Rev 5:6,Lent/Easter,NL419,Innocence,,2022-04-03,
574,The Lord is My Light,Allitsen,27,Psalm 27:1,General,,Guidance,,,
575,The Lord is My Strength,Rogers,17,Psalm 28:7,General,,Shield,,,
576,The Lords Prayer,Lindsay,12,Matthew 6:9–13,General,NL124,Petition,,,
577,The Lord's Prayer,Malotte,48,Matthew 6:9–13,General,NL124,Petition,,,
578,The Lord's Prayer,Gates,28,Matthew 6:9–13,General,NL124,Petition,,,
579,The Love Behind The Cross,Rahtjen,29,Romans 5:8,Lent/Easter,NL144,Passion,,,
582,The Old Hundredth Psalm Tune,Williams,24,Psalm 100,General,,Doxology,,,
583,The One Hundredth Psalm,Mueller,25,Psalm 100,General,,Gratitude,,,
584,The Palms,Faure,24,John 12:12–13,Palm Sunday,,Hosanna,,,
585,The Praise Carol,Marryott,30,Psalm 148,Christmas,,Universal Worship,,,
586,The Publican,DeWater/Starke,17,Luke 18:9–14,General,,Humility,,,
587,The Sacred Feast,Lovelace,5,Matthew 26:26–29,Communion,NL137,Last Supper,,2016-02-07,
588,The Seven Last Words of Christ,.,.,Luke 23:34–46; John 19,Easter,NL338 | NL435 | NL436 | NL437 | NL438,Passion,,,
589,The Song of the Angels,Christiansen,29,Luke 2:13–14,Christmas,NL117 | NL217 | NL317 | NL417,Proclamation,,,
590,The Souls of the Righteous,Noble,27,Wisdom 3:1–8,General,,Peace,,,
591,The Spring of All My Joys,James,23,Psalm 87:7,General,,Spiritual Source,,,
592,The Stranger of Galilee,Morris,10,Matthew 14:22–33,General,NL127,Miracles,,,
593,The Twenty-Third Psalm,Poteat,24,Psalm 23,General,,Shepherd,,,
594,The Untroubled Heart,Butler,3,John 14:1,General,,Peace,,,
595,There is a Balm In Gilead,Kemmer,22,Jeremiah 8:22,General,,Healing,,,
596,There Is Room In My Heart for Thee,Gilpin,34,Luke 2:7,Christmas,NL117 | NL217 | NL317 | NL417,Hospitality,,2022-01-02,
597,There Shall A Star Come Out of Jacob,Mendelssohn,25,Numbers 24:17,Advent,,Prophecy,,,
598,There Was Darkness Over the Earth,Willis,29,Matthew 27:45,Lent,NL138,Passion,,,
599,There's A Cross for Me,Wagner,22,Mark 8:34,Lent,NL229,Discipleship,,,
601,There's A Song in the Air,Speaks,29,Luke 2:13,Christmas,NL117 | NL217 | NL317 | NL417,Nativity,,,
602,They That Wait Upon the Lord,Purifoy,23,Isaiah 40:31,Advent,NL214,Renewal,,2023-12-10,
603,Think on These Things,Peterson,24,Philippians 4:8–9,General,,Purity,,,
604,Thirty Pieces of Silver,Beall/Carter,26,Matthew 26:15,Lent,NL137,Betrayal,,2018-03-18,
605,This Do in Remembrance of Me,Hunnicutt,22,Luke 22:19,Communion,NL337,Last Supper,,,
606,This Lonesome Valley,Price/Besig,25,Matthew 4:1–11,Lent,NL122,Temptation,,2026-01-17,
607,Thou Shalt Know Him When He Comes,Larkin,24,Matthew 24:30,Advent,,Second Coming,,2025-12-21,
608,"Thou, By Heavenly Hosts Adored",Johnson,18,Revelation 5:11,General,,Universal Praise,,,
609,Shout the Glad Tidings,Handel,18,Psalm 98:1,Christmas,,Proclamation,,,
610,Thy Will Be Done,Eilers,24,Matthew 6:10; Luke 22:42,General,NL124 | NL337,Submission,,,
611,The Time for Singing Has Come,Sleeth,24,Song of Solomon 2:12,General,,Renewal,,,
613,To Thee We Sing,Tkach,16,Psalm 147:1,General,,Adoration,,,
615,Treasures in Heaven,Pote,25,Matthew 6:19–21,General,NL124,Stewardship,,,
616,"Turn Back, O Man",Copes,28,Jeremiah 31:18–19,Epiphany,NL312,Repentance,,,
617,Twas in the Moon of Wintertime,Younger,23,Luke 2:1–20,Christmas,NL117 | NL118 | NL217 | NL218 | NL317 | NL318 | NL417 | NL418,Nativity,,,
618,Two Thousand Years,Ahler/Frank,28,Luke 2:11,Christmas,NL117 | NL217 | NL317 | NL417,History,,,
619,The Upper Room,Price/Besig,27,Matthew 26:17–30,Lent,NL137,Last Supper,,2025-03-23,
620,Visible Witness,Pfautsch,17,Acts 1:8,General,NL240,Mission,,,
621,"Waken, O Shepherds",Klein,30,Luke 2:8,Christmas,NL118 | NL218 | NL318 | NL418,Call to Worship,,,
622,"Walk On the Water, Peter",Davenport,4,Matthew 14:28–31,General,NL127,Faith,,2022-05-15,
623,Walk Through the Valley in Peace,Wagner,25,Psalm 23:4,General,,Comfort,,,
624,Walk While You Have the Light,Beebe,4,John 12:35–36,General,,Opportunity,,,
625,We Come Rejoicing,Martin/Page,23,Psalm 67; James 3:12–18,General,,Jubilation,,2021-11-21,
626,We Will Gather At The River,McDonald,.,Rev 22:1–2,General,,Eternity,,2020-02-09,
627,Take Me To the River,Shaw,30,Psalm 46:4,General,,Refreshment,,,
628,Were You There,Ringwald,22,Matthew 27:32–56,Lent,NL138,Passion,,,
629,A Wesley Hymn Concertato,Butler,24,1 John 4:19; Psalm 103,General,,Heritage,,,
630,We've Got Good News to Tell!,Besig,8,Luke 2:10,Christmas,NL117 | NL217 | NL317 | NL417,Evangelism,,,
631,What a Friend We Have in Jesus,Artman,24,John 15:13–15,General,,Friendship,,2016-01-31,
632,What a Wonderful World!,Miller,23,Genesis 1:31,General,NL401,Creation,,,
633,What Child is This,Christiansen,22,Luke 2:7–20,Christmas,NL117 | NL118 | NL217 | NL218 | NL317 | NL318 | NL417 | NL418,Incarnation,,,
634,What Shall I Give,Wagner,5,Matthew 2:11; Psalm 116,Christmas,NL120,Sacrifice,,,
635,What Will We Promise... Give?,Besig,27,Micah 6:8; Romans 12:1,General,NL110,Dedication,,,
636,When de Saints Come Marchin' In,Howorth,22,Rev 7:9–17,All Saints,,Victory,,2016-11-13,
637,When God is a Child,Wren/Carter,22,Isaiah 12:2; 35:3-4,Christmas,,Incarnation,,,
638,When I Survey the Wondrous Cross,Martin,.,Galatians 6:14,Lent,,Passion,,2018-03-04,
639,When Jesus Wept,Billings,28,John 11:35,Lent,NL431,Compassion,,2026-03-26,
640,When Morning Gilds the Skies,Marsh,24,Psalm 113:3,General,,Daily Worship,,,
641,Where in the World?,Meilstrup/Marsh,22,Psalm 139:7–12,General,,Omnipresence,,,
642,"Where Love is Found, God is There",Sherman,2,1 John 4:12,General,,Community,,,
643,Wherewith Shall I Come Before the Lord?,Bush,26,Micah 6:6–8,General,NL110,Worship,,,
644,White Wings,Quiett,23,Psalm 55:6,General,,Refuge,,,
645,Who At My Door is Standing?,Scott,6,Rev 3:20,General,,Invitation,,2022-05-01,
646,Who Comes Riding,Green/Larson,26,Zechariah 9:9,Palm Sunday,,Humble King,,,
647,Who Crucified My Lord,Belcher,29,Acts 2:23; Romans 5:8,Lent,NL144,Reflection,,,
648,Who Is That Man,Besig,26,Mark 8:27–30,Lent/Easter,NL229,Identity of Christ,,,
649,Why,Moore/Anthony,23,Matthew 27:46,Lent/Easter,NL138,Passion,,,
650,Why Was He Born in a Stable?,Posegate,28,Luke 2:7,Christmas,NL117 | NL217 | NL317 | NL417,Humility,,,
651,Will We Know Him?,Price/Besig,26,Matthew 24:36–44,Advent,,Second Coming,,,
652,With a Voice of Singing,Shaw,29,Psalm 66:1–2; Isaiah 48:20,General,,Exaltation,,,
653,"With Grateful Heart, I Thank You",Beall,3,Psalm 138:1,General,,Personal Praise,,2022-05-08,
654,With Those Hands,Schram,22,John 20:24–27,Lent/Easter,NL440,Evidence,,,
655,Within the Shadow of the Cross,Besig,3,Psalm 91:1,Lent,,Refuge,,,
656,Wonderous Love,Christiansen,28,1 John 4:10,Christmas,,Unfathomable Love,,,
657,Wondrous Love,Shaw-Parker,24,Romans 5:8,Lent/Easter,NL144,Sacrifice,,2026-05-02,
658,Worship the King,Smiley,26,Psalm 95:6,Christmas,,Adoration,,,
659,Worthy Art Thou O Lord,Willan,20,Revelation 4:11,General,,Adoration,,,
660,Worthy Is the Lamb,Beery,25,Revelation 5:12,Lent/Easter,,Sacrifice,,,
661,Would That We Were There,Wagner,22,Luke 23:33–49,Lent/Easter,NL338,Reflection,,,
662,Ye Holy Angels Bright,Clokey,29,Revelation 7:11,Christmas,,Heavenly Choir,,,
663,Ye Watchers and Ye Holy Ones,Riegger,21,Revelation 5:11,Christmas,,Heavenly Host,,,
664,Ye Watchers and Ye Holy Ones,Christiansen,30,Revelation 5:11,Christmas,,Heavenly Host,,,
665,Yet I Believe,Martin,.,Habakkuk 3:17–18,General,NL113,Perseverance,,,
666,You Are the Salt of the Earth,Marsh/Wilson,19,Matthew 5:13,General,NL123,Influence,,2026-01-24,
667,You Raise Me Up,Lovland/Graham,24,Psalm 40:1–2; Isaiah 40:31,General,NL214,Support,,,
668,Easter Chorale & Alleluia,Purifoy,22,Matthew 28:1–10,Easter,NL139,Celebration,,2017-04-16,
669,Lift Up Your Heads,Johnson,.,Psalm 24:7–10,Advent,,Victory,,,
670,The Holy City,Adams/Gray,5,Revelation 21:2,Lent/Easter,,New Jerusalem,,,
671,Make A Joyful Noise,Colvin,.,Psalm 100:1,General,,Exuberance,,,
672,"Little David, Play On Your Harp",Swift,16,1 Samuel 16:23,General,NL407,Spiritual,,,
673,With a Voice of Singing,Shaw,24,Psalm 66:1; Isaiah 48:20,General,,Jubilation,,,
674,"Ride On, Ride On In Majesty",Darst,3,Matthew 21:1–11,General,NL136,Passion,,,
675,For The Beauty of the Earth,Rutter,26,Psalm 95:1–6; James 1:17,General,,Nature,,,
676,I Lift Up Mine Eyes,Pote,25,Psalm 121:1–2,General,,Trust,,2025-01-25,
677,Glory of Christmas,Helvey,23,Luke 2:14,Christmas,NL117 | NL217 | NL317 | NL417,Glory,,,
678,Glad Noel,Wilson,11,Luke 2:10–11,Christmas,NL117 | NL217 | NL317 | NL417,Tidings,,,
679,Carol of the Bells,Leontovich,10,Luke 2:13–14,Christmas,NL117 | NL217 | NL317 | NL417,Celebration,,,
680,A New Song,Pote,24,Psalm 96:1,General,,Freshness,,,
681,Christ Is Arisen Indeed,Sleeth,26,Luke 24:34,General,NL339,Resurrection,,2016-04-17,
682,It is No Secret,Hamblen,5,Acts 10:34–35,General,NL141,Inclusion,,,
683,There Is A Balm In Gilead,Dawson,5,Jeremiah 8:22,General,,Healing,,2016-09-18,
684,My Task,Ashford,5,Matthew 28:19–20,General,NL140,Service,,,
685,I Believe,Graham/Stillman,6,Mark 9:24,General,,Faith,,,
686,How Excellent Thy Name,Bitgood,7,Psalm 8:1,General,,Glory,,,
687,Wondrous Day,Johnson,3,Psalm 118:24,General,,Joy,,,
688,Glad Sounds of Christmas,Leaf,5,Luke 2:10–14,Christmas,NL117 | NL217 | NL317 | NL417,Good Tidings,,,
689,Such A Very Bright Star,Leaf,6,Matthew 2:2,Christmas,NL120,Star,,,
690,The Lord Is My Shepherd,Klein,4,Psalm 23,General,,Guidance,,,
691,"Worship Christ, The Newborn King",Mueller,2,Luke 2:11; Matthew 2:11,Christmas,NL117 | NL120 | NL217 | NL317 | NL417,Adoration,,,
692,Invocation,Moore,5,Psalm 141:2,General,,Prayer,,,
693,Christ Went Up Into the Hills Alone,Bitgood,1,Matthew 14:23; Luke 6:12,General,NL127 | NL324,Prayer,,,
694,An Easter Fanfare,Besig,2,Matthew 28:1–6,Easter,NL139,Resurrection,,,
695,How Sweet the Sound of Christmas,Grier,2,Luke 2:13–14,Christmas,NL117 | NL217 | NL317 | NL417,Nativity,,,
696,Run To The Manger,Victor Johnson,.,Luke 2:15–16,Christmas,NL118 | NL218 | NL318 | NL418,Anticipation,,,
697,O Come Let Us Sing,Cindy Perry,.,Psalm 95:1,General,,Rejoicing,,,
698,O Clap Your Hands,Brooke,30,Psalm 47:1,General,,Enthusiasm,,,
699,"Halleluia, Hallelu",Mahler,20,Rev 19:1,Advent,,Glory,,,
700,Sing Alleluia,O'Brien,20,Rev 19:1–6,Christmas,,Praise,,,
701,"Alleluia, Amen",Scarlatti,17,Rev 19:1–6,General,,Praise,,,
702,Alleluia: Song of the Spirit,Alonso,20,John 14:16–17; Acts 2,General,NL146 | NL246 | NL346 | NL446,Holy Spirit,,2026-05-16,
703,Alleluia: All the Ages,Bonasso,20,Revelation 11:15,Easter,,Eternal Kingdom,,2022-04-24,
704,On This Day Rejoicing,"Wagner, D",27,Psalm 118:24,Easter,,Rejoicing,,2025-04-26,
706,Elements of God's Love,Fettke,26,1 John 4:7–21,General,,Divine Love,,,
707,We Sing the Almighty Power of God,Watts/Leavitt,26,Psalm 147:5; Jeremiah 32:17,General,,Creation,,,
708,Lay Down Your Troubles,Purifoy,.,Matthew 11:28,Fall 2011,,Rest,,,
709,The Deep Mercy of Jesus,Eggleston,.,Ephesians 2:4–5,Fall 2011,,Mercy,,,
710,"Lord, We Thank You",Raney,.,Psalm 100:4,Fall 2011,,Gratitude,,,
711,Every Good and Perfect Gift,Martin,.,James 1:17,Fall 2011,,Provision,,2025-02-23,
712,God Is Our Strength,Farnell,.,Psalm 46:1,Reformation,,Refuge,,2021-10-24,
713,"Keep the Watch, People of Zion",Drennan,.,Matthew 24:42–44,Advent 2011,,Vigilance,,,
715,A Caribbean Noel,Blake,.,Luke 2:10–14,Christ/Epiph,NL117 | NL217 | NL317 | NL417,Rhythmic Praise,,,
716,Glory Hallelujah to Newborn King,Kern,.,Luke 2:11,Christmas,NL117 | NL217 | NL317 | NL417,Celebration,,,
717,We Wait For Thee,Johnson,.,Psalm 130:5,Advent,,Waiting,,,
718,Lord I Give Myself to You,Johnson,25,Romans 12:1,Lent/Easter,,Dedication,,2025-02-22,
719,Hiding In the Shadow of God,Sorenson,25,Psalm 91:1,Gen/Lent,,Safety,,,
720,Hosanna! Salvation is Now,Lancz,25,Matthew 21:9,Easter,NL136,Victory,,,
721,Folk Hymn Suite,McDonald,25,Psalm 100; Psalm 23,General,,Heritage,,,
722,Gonna Sit Down and Rest Awhile,Drennan,25,Matthew 11:28,General,,Rest,,,
723,More Precious/Give Me Jesus,Hayes,25,Phil 3:8,General,,Worthiness,,,
724,Shepherd of My Soul,Dengler,25,Psalm 23:1,General,,Guidance,,,
725,Great Day,Fettke,25,Psalm 118:24,General,,Celebration,,,
726,Come Dine With Me,Schram,25,Luke 14:15–24; 1 Cor 11,Communion,,Invitation,,2017-04-02,
727,We're Gonna Worship Christ King,Choplin,25,Rev 19:16,Ascension,,Kingship,,2013-09-22,
728,Turn Around and See,Sorenson,25,Revelation 1:12,General,,Revelation,,,
729,Great Are You Lord,Boesiger,25,Psalm 145:3,Ascension,,Worthiness,,,
730,Awaken and Prepare Us,Hayes,25,Mark 13:33–37,Advent,NL235,Vigilance,,2022-12-18,
731,There's a Song in the Air,Schram,25,Luke 2:13–14,Christmas,NL117 | NL217 | NL317 | NL417,Nativity,,,
732,Come To My Heart,Fettke,25,Rev 3:20,Advent,,Invitation,,,
733,Tell the People to Sing,Dengler,25,Psalm 96:1–3,General,,Proclamation,,2017-09-24,
734,The Master Has Come,Martin,25,John 11:28,General,NL431,Restoration,,,
735,Come To the Table,Koerts,25,Matthew 26:26–29,Communion,NL137,Eucharist,,2019-10-06,
736,Let Your Light Shine,Courtney,25,Matthew 5:16,General,NL123,Influence,,2026-10-11,
737,Come People of the Risen King,Getty,25,Rev 19:6–7; Psalm 95,Easter,,Corporate Worship,,2025-04-05,
738,If Anybody Asks You,Hayes,25,Matthew 16:15; John 1:29,General,NL419,Identity of Christ,,,
739,We Believe,Besig/Price,25,1 Cor 15:3–4; Romans 10:9,General,NL245,Doctrine,,,
740,We Praise You O God,Martin,25,Psalm 145:1–2,General,,Constant Praise,,,
741,Yes I Do,Hurley,2,Mark 9:24,General,,Conviction,,,
742,When the Journey Ends,Jones/Nix,25,2 Timothy 4:7–8,General,,Perseverance,,,
743,The Battle of Jericho,Emerson,27,Joshua 6:1–27,General,,Faith,,,
744,At This Table,Murray/Pote,27,1 Cor 11:23–26,Communion,,Communion,,2014-10-05,
745,God Is Our Refuge,Pote,27,Psalm 46:1,General,,Security,,,
746,Borning Cry,Ylvisaker,27,Jeremiah 1:5; Psalm 139,General,NL112,God’s Presence,,,
747,The Gospel Song,Fettke,27,1 Cor 15:3–4,General,NL245,Good News,,,
748,They'll Know We Are Christians,Larson,27,John 13:35,General,NL432,Unity,,,
749,Grace,Mark Hayes,50,Ephesians 2:8–9,General,,Salvation,,,
750,Christmas Sanctus,Dengler,27,Isaiah 6:3; Luke 2:14,Christmas,NL117 | NL217 | NL311 | NL317 | NL417,Holiness,,,
751,Rise Up And See The King,Crouch,27,Matthew 2:1–2,Advent,NL120,Magi,,,
752,"Amen, Amen",Larson,27,Revelation 7:12,Easter,,Affirmation,,,
753,Everywhere I Go,Shackley,27,Matthew 28:20,Christmas,NL140,Presence,,,
754,World's Been Awaitin',Shackley,27,Romans 8:19–23,Advent,NL146,Redemption,,,
755,Simple Gifts,Coates,.,Matthew 18:3,General,NL130,Simplicity,,,
756,Jazz Cantate,Amy Beck,27,Psalm 98,General,,Joy,,,
757,Singing for Lord Light,Hopson,27,Psalm 27:1; Isaiah 60:1,General,,Guidance,,2022-01-23,
758,The Light of the World,Price/Besig,27,John 8:12,Epiphany,NL428,Guidance,,2025-11-16,
759,The Whisper,Craig Courtney,27,Matthew 10:29–31; Ruth 1,Communion,NL206,Providence,,2024-03-03,
760,Shout Hallelujah Risen Lamb,Johnson,27,Revelation 5:12,Easter,,Resurrection,,,
761,A Day For Hosannas,Parker/Nix,27,Matthew 21:9,Easter,NL136,Palm Sunday,,,
762,"Great Day, He's Risen",Christopher,27,Matthew 28:6,Easter,NL139,Resurrection,,2026-03-28,
763,Jesus Priceless Treasure,Frank/Nix,27,Psalm 16:11; Phil 3:8,Easter,,Sufficiency,,2016-03-20,
764,Allelulia Praise Music,Martin,27,Psalm 150,General,NL207,Celebration,,,
765,Hear My Words,Paulus,27,Psalm 54:2,General,,Petition,,,
766,Wait With Me,Johnson,27,Matthew 26:38–41,Maundy Thurs,NL137,Gethsemane,,2026-11-29,
767,Step Into the Water,Talley,25,Ezekiel 47:1–5,General,,Renewal,,2022-10-16,
768,We Three Kings,Andy Beck,9,Matthew 2:1–12,Christmas,NL120,Magi,,2023-01-08,
769,Child In A Manger,John Rutter,14,Luke 2:7,Christmas,NL117 | NL217 | NL317 | NL417,Humility,,,
770,The Light Come Down,Kirby Shaw,22,John 1:9–14,Christmas,NL416,Incarnation,,2017-01-15,
771,How Could Shepherds Know,Nix,25,Luke 2:8–15,Christmas,NL118 | NL218 | NL318 | NL418,Tidings,,2013-12-29,
772,Ain't Got Time To Die,Johnson,25,John 9:4,General,NL429,Service,,2014-10-19,
773,In Christ Alone,Getty,25,Galatians 2:20,General,NL344,Sufficiency,,,
774,Jesus Child,John Rutter,25,Luke 2:11,Christmas,NL117 | NL217 | NL317 | NL417,Birth of Jesus,,,
775,Spirit,Manley,25,Acts 2:1–4,General,NL146 | NL246 | NL346 | NL446,Holy Spirit,,,
776,Communion,Andres,25,1 Cor 11:23–26,General,,Remembrance,,,
777,There Is Grace,Metzger,25,2 Cor 12:9,General,,Sufficiency,,2025-05-17,
778,"My Jesus, I Love Thee",Molly Ijames,25,1 John 4:19; John 21:15,General,,Devotion,,2021-10-10,
779,Since Jesus Came Heart,Shackley,25,2 Cor 5:17,General,,Transformation,,2021-10-17,
780,Joyfully Sing,Berry,25,Psalm 95:1,Thanksgiving,,Rejoicing,,,
781,The Coming of the Lord,Chopin,25,Matthew 24:30,Advent,,Advent,,2024-12-08,
782,A Child is Born,Johnson,25,Isaiah 9:6,Christmas,NL411,Prophecy,,,
783,A Carol For Epiphany,Schalk,25,Matthew 2:1–12,Epiphany,NL120,Magi,,2018-01-07,
784,Celebrate the Child,Card/Rouse,25,Luke 2:11,General,NL117 | NL217 | NL317 | NL417,Rejoicing,,2018-01-14,
785,Lift Up A Song,Shackley,25,Psalm 96:1,General,,Proclamation,,2025-03-02,
786,Christ Arose,Lloyd Larson,25,Matthew 28:6,Easter,NL139,Resurrection,,2018-04-01,
787,And The Father Will Dance,Mark Hayes,25,Zephaniah 3:17,General,,Rejoicing,,,
788,Advent Alleluia,Althouse,25,Rev 19:1; Isaiah 7:14,Advent,,Hallelujah,,,
789,For the Bread Broken,Helvey,25,1 Cor 10:16–17,Communion,,Eucharist,,2023-03-05,
790,All My Trials,John Leavitt,25,Matthew 11:28,General,,Rest,,,
791,"All Glory, Laud and Honor",Larson,25,Matthew 21:1–11,Palm Sunday,NL136,Palm Sunday,,,
792,African Advent Carol,Barrett,25,Isaiah 9:2,Advent,NL411,Hope,,,
793,An Advent Awakening,Courtney,25,Romans 13:11–12,Advent,,Vigilance,,,
794,Follow The Star,Michael Sharp,25,Matthew 2:1–2,Christmas,NL120,Guidance,,2025-01-11,
795,My Heart Thankfulness,Getty,25,Colossians 3:15–17,General,,Gratitude,,,
796-B,Gather By River to Pray,Choplin,30,Revelation 22:1,General,,Restoration,,,
797-B,Love the Lord,Courtney,30,Mark 12:30,General,NL234,Commandment,,,
798,Didn't Lord Deliver Daniel,Drennan,30,Daniel 6:1–23,General,NL313,Deliverance,,,
798-B,Song of Thanksgiving,Pote,30,Psalm 100,Thanksgiving,,Gratitude,,,
799,Abba,Courtney,28,Galatians 4:6,Lent,NL346,Intimacy,,2024-03-09,
799-B,Unto God,Raney,28,Psalm 103,General,,Honor,,,
800,Holy Spirit Come,Larson,28,Acts 2:1–4,General,NL146 | NL246 | NL346 | NL446,Holy Spirit,,2024-03-16,
800-B,Heavenly Peace,Raney,28,Isaiah 9:6,Christmas,NL411,Peace,,,
801,At The Foot of The Cross,Dengler,28,John 19:25,Lent,NL437,Passion,,2024-04-06,
802,Hosanna Hosanna,Martin,28,Matthew 21:9,Palm Sunday,NL136,Triumphal Entry,,,
803,Ah Holy Jesus,Courtney,28,Isaiah 53:4–5,Lent,,Suffering Servant,,,
804,Because He Lives,Gaither,28,John 14:19,General,,Resurrection,,,
805,"Christ Is Risen, Alive",Larson,28,Luke 24:34,Easter,NL339,Resurrection,,,
